Card Unique ID	Card Name	Card Pitch	Referenced Card Unique ID	Referenced Card Name	Referenced Card Pitch
mgrmPqRmdHfMbptFfDcbC	Hummingbird, Adventurer's Call		cDpMQnr8LwPFGMdgffNb8	Quicken	
zbnpfqW7d6CqN9wT8Dcft	Tales of Adventure	3	nrMg9kDMg9KwBPPtJLJph	Yorick, Weaver of Tales	
zbnpfqW7d6CqN9wT8Dcft	Tales of Adventure	3	pLwDDWbJgbKkQCpzDrc7Q	Aether Ashwing	
zbnpfqW7d6CqN9wT8Dcft	Tales of Adventure	3	jrcdWNnMQCtrjQqKjd9Fw	Embodiment of Earth	
zbnpfqW7d6CqN9wT8Dcft	Tales of Adventure	3	QBwTWNc9FMGQfwHRTTdHj	Embodiment of Lightning	
zbnpfqW7d6CqN9wT8Dcft	Tales of Adventure	3	HpWqFJW8ftTDdzCLK9RkD	Ponder	
zbnpfqW7d6CqN9wT8Dcft	Tales of Adventure	3	cDpMQnr8LwPFGMdgffNb8	Quicken	
zbnpfqW7d6CqN9wT8Dcft	Tales of Adventure	3	zfrHQjbPkpBmdQGrWcTMB	Runechant	
zbnpfqW7d6CqN9wT8Dcft	Tales of Adventure	3	Rf8CHpzmhJNppCtDDKWDm	Seismic Surge	
zbnpfqW7d6CqN9wT8Dcft	Tales of Adventure	3	9F6H6kTdQdcHrDrRCDmLP	Soul Shackle	
zbnpfqW7d6CqN9wT8Dcft	Tales of Adventure	3	NwwnMqBg9tdRBp9NWHpgf	Spectral Shield	
zbnpfqW7d6CqN9wT8Dcft	Tales of Adventure	3	HhTPF8HGRqhFbTT8HnBBh	Zen State	
zbnpfqW7d6CqN9wT8Dcft	Tales of Adventure	3	gzDGmdfm6gHWctgrcgfKf	Copper	
zbnpfqW7d6CqN9wT8Dcft	Tales of Adventure	3	TNJz9fCgqmhhLz9rP9tkt	Silver	
zbnpfqW7d6CqN9wT8Dcft	Tales of Adventure	3	8qdmprPg7kckn8ktMTKQh	Gold	
GgDFFHhLh8Kc7tJK8nBLj	Alpha Rampage	1	wr9wBtTWwRrPrdhCRHCdN	Rhinar, Reckless Rampage	
GgDFFHhLh8Kc7tJK8nBLj	Alpha Rampage	1	wNRqrHCn6rrKLhrDkqPwp	Rhinar	
BpjDRjGcMhFQkKQLnLLkQ	Sand Sketched Plan	3	wr9wBtTWwRrPrdhCRHCdN	Rhinar, Reckless Rampage	
BpjDRjGcMhFQkKQLnLLkQ	Sand Sketched Plan	3	wNRqrHCn6rrKLhrDkqPwp	Rhinar	
TN6DmN7GK9DtMKd9pnmwF	Tectonic Plating		Rf8CHpzmhJNppCtDDKWDm	Seismic Surge	
j8jjnw6NmpTpf9cWThfgg	Crippling Crush	1	NtLDgPBR7HqDqhDzJMHmk	Bravo, Showstopper	
j8jjnw6NmpTpf9cWThfgg	Crippling Crush	1	tzTbzLkLhDzmW9QMJr9KF	Bravo	
j8jjnw6NmpTpf9cWThfgg	Crippling Crush	1	PFJnMWQNfr6jMMzJhjB9H	Bravo, Star of the Show	
hMQTg6qwCLqnHBdGbP6wH	Show Time!	3	NtLDgPBR7HqDqhDzJMHmk	Bravo, Showstopper	
hMQTg6qwCLqnHBdGbP6wH	Show Time!	3	tzTbzLkLhDzmW9QMJr9KF	Bravo	
hMQTg6qwCLqnHBdGbP6wH	Show Time!	3	PFJnMWQNfr6jMMzJhjB9H	Bravo, Star of the Show	
hTMnFLppC7Pjdk6hq8nWb	Lord of Wind	3	nM8BHGHd9qLGTPgwtWzkJ	Katsu, the Wanderer	
hTMnFLppC7Pjdk6hq8nWb	Lord of Wind	3	QnGJNBGBFw98q9n9NCdRW	Katsu	
hTMnFLppC7Pjdk6hq8nWb	Lord of Wind	3	zjzpNfJzKkkQPptTjCthC	Mugenshi: RELEASE	2
hTMnFLppC7Pjdk6hq8nWb	Lord of Wind	3	GqNTpPW79fHNzj7kB8Kkb	Surging Strike	1
hTMnFLppC7Pjdk6hq8nWb	Lord of Wind	3	Hpq8jQm9H97HbfhBKgctd	Surging Strike	2
hTMnFLppC7Pjdk6hq8nWb	Lord of Wind	3	KtHkGCQfc6Td7Dg8htCcJ	Surging Strike	3
hTMnFLppC7Pjdk6hq8nWb	Lord of Wind	3	zgP9HWNCqbrQPLMNP8Bwf	Whelming Gustwave	1
hTMnFLppC7Pjdk6hq8nWb	Lord of Wind	3	jCrd8h9kPW8rJ9KwgRr8L	Whelming Gustwave	2
hTMnFLppC7Pjdk6hq8nWb	Lord of Wind	3	M7gFnB7zpwHWCbzWCWKpd	Whelming Gustwave	3
zjzpNfJzKkkQPptTjCthC	Mugenshi: RELEASE	3	nM8BHGHd9qLGTPgwtWzkJ	Katsu, the Wanderer	
zjzpNfJzKkkQPptTjCthC	Mugenshi: RELEASE	3	QnGJNBGBFw98q9n9NCdRW	Katsu	
zjzpNfJzKkkQPptTjCthC	Mugenshi: RELEASE	2	hTMnFLppC7Pjdk6hq8nWb	Lord of Wind	3
zjzpNfJzKkkQPptTjCthC	Mugenshi: RELEASE	2	GqNTpPW79fHNzj7kB8Kkb	Surging Strike	1
zjzpNfJzKkkQPptTjCthC	Mugenshi: RELEASE	2	Hpq8jQm9H97HbfhBKgctd	Surging Strike	2
zjzpNfJzKkkQPptTjCthC	Mugenshi: RELEASE	2	KtHkGCQfc6Td7Dg8htCcJ	Surging Strike	3
BRbggWh7bBGWNgDPP7Rrg	Hurricane Technique	2	C7zhnMLhctLTpqN7CnrjT	Rising Knee Thrust	1
BRbggWh7bBGWNgDPP7Rrg	Hurricane Technique	2	q7ctPDWzHDk667rcJW9TL	Rising Knee Thrust	2
BRbggWh7bBGWNgDPP7Rrg	Hurricane Technique	2	jdLb9qCbwmwjj9N6rNrnn	Rising Knee Thrust	3
QBBDQjBmrCk9CR7BG8wmH	Pounding Gale	1	TkCWdhw8pfcpfckC9MLNm	Open the Center	1
QBBDQjBmrCk9CR7BG8wmH	Pounding Gale	1	BfQnT8rqMhTBmDWCFgdhW	Open the Center	2
QBBDQjBmrCk9CR7BG8wmH	Pounding Gale	1	CChttCnwGwHMcBKm6LhNR	Open the Center	3
Wk9cnfJGMJRgWNMm7czwH	Fluster Fist	1	TkCWdhw8pfcpfckC9MLNm	Open the Center	1
Wk9cnfJGMJRgWNMm7czwH	Fluster Fist	1	BfQnT8rqMhTBmDWCFgdhW	Open the Center	2
Wk9cnfJGMJRgWNMm7czwH	Fluster Fist	1	CChttCnwGwHMcBKm6LhNR	Open the Center	3
HGNCdBCQmdRqQGggmrLjg	Fluster Fist	2	TkCWdhw8pfcpfckC9MLNm	Open the Center	1
HGNCdBCQmdRqQGggmrLjg	Fluster Fist	2	BfQnT8rqMhTBmDWCFgdhW	Open the Center	2
HGNCdBCQmdRqQGggmrLjg	Fluster Fist	2	CChttCnwGwHMcBKm6LhNR	Open the Center	3
9n8wHtnLRcNrMhctcDQCb	Fluster Fist	3	TkCWdhw8pfcpfckC9MLNm	Open the Center	1
9n8wHtnLRcNrMhctcDQCb	Fluster Fist	3	BfQnT8rqMhTBmDWCFgdhW	Open the Center	2
9n8wHtnLRcNrMhctcDQCb	Fluster Fist	3	CChttCnwGwHMcBKm6LhNR	Open the Center	3
BdktjfJkbNJzMfKQ6Mtrd	Blackout Kick	1	C7zhnMLhctLTpqN7CnrjT	Rising Knee Thrust	1
BdktjfJkbNJzMfKQ6Mtrd	Blackout Kick	1	q7ctPDWzHDk667rcJW9TL	Rising Knee Thrust	2
BdktjfJkbNJzMfKQ6Mtrd	Blackout Kick	1	jdLb9qCbwmwjj9N6rNrnn	Rising Knee Thrust	3
BKjJWmhTkQrpQLCcgr8Jb	Blackout Kick	2	C7zhnMLhctLTpqN7CnrjT	Rising Knee Thrust	1
BKjJWmhTkQrpQLCcgr8Jb	Blackout Kick	2	q7ctPDWzHDk667rcJW9TL	Rising Knee Thrust	2
BKjJWmhTkQrpQLCcgr8Jb	Blackout Kick	2	jdLb9qCbwmwjj9N6rNrnn	Rising Knee Thrust	3
gp98bCGp7DPjk8KTpHqJr	Blackout Kick	3	C7zhnMLhctLTpqN7CnrjT	Rising Knee Thrust	1
gp98bCGp7DPjk8KTpHqJr	Blackout Kick	3	q7ctPDWzHDk667rcJW9TL	Rising Knee Thrust	2
gp98bCGp7DPjk8KTpHqJr	Blackout Kick	3	jdLb9qCbwmwjj9N6rNrnn	Rising Knee Thrust	3
TkCWdhw8pfcpfckC9MLNm	Open the Center	1	JtCMThrjDDLjGmBbCcpWc	Head Jab	1
TkCWdhw8pfcpfckC9MLNm	Open the Center	1	CwHzMDBNQRNdWpMc7phMr	Head Jab	2
TkCWdhw8pfcpfckC9MLNm	Open the Center	1	CbngjC9FTFNdmTGT7ddCT	Head Jab	3
BfQnT8rqMhTBmDWCFgdhW	Open the Center	2	JtCMThrjDDLjGmBbCcpWc	Head Jab	1
BfQnT8rqMhTBmDWCFgdhW	Open the Center	2	CwHzMDBNQRNdWpMc7phMr	Head Jab	2
BfQnT8rqMhTBmDWCFgdhW	Open the Center	2	CbngjC9FTFNdmTGT7ddCT	Head Jab	3
CChttCnwGwHMcBKm6LhNR	Open the Center	3	JtCMThrjDDLjGmBbCcpWc	Head Jab	1
CChttCnwGwHMcBKm6LhNR	Open the Center	3	CwHzMDBNQRNdWpMc7phMr	Head Jab	2
CChttCnwGwHMcBKm6LhNR	Open the Center	3	CbngjC9FTFNdmTGT7ddCT	Head Jab	3
C7zhnMLhctLTpqN7CnrjT	Rising Knee Thrust	1	Thbcg9RW9t8WNfMCpgNmk	Leg Tap	1
C7zhnMLhctLTpqN7CnrjT	Rising Knee Thrust	1	9K6tW9Kcqfc67PtcgmNTP	Leg Tap	2
C7zhnMLhctLTpqN7CnrjT	Rising Knee Thrust	1	dcWdcd8Q6tnPKDT6nKkjH	Leg Tap	3
q7ctPDWzHDk667rcJW9TL	Rising Knee Thrust	2	Thbcg9RW9t8WNfMCpgNmk	Leg Tap	1
q7ctPDWzHDk667rcJW9TL	Rising Knee Thrust	2	9K6tW9Kcqfc67PtcgmNTP	Leg Tap	2
q7ctPDWzHDk667rcJW9TL	Rising Knee Thrust	2	dcWdcd8Q6tnPKDT6nKkjH	Leg Tap	3
jdLb9qCbwmwjj9N6rNrnn	Rising Knee Thrust	3	Thbcg9RW9t8WNfMCpgNmk	Leg Tap	1
jdLb9qCbwmwjj9N6rNrnn	Rising Knee Thrust	3	9K6tW9Kcqfc67PtcgmNTP	Leg Tap	2
jdLb9qCbwmwjj9N6rNrnn	Rising Knee Thrust	3	dcWdcd8Q6tnPKDT6nKkjH	Leg Tap	3
zgP9HWNCqbrQPLMNP8Bwf	Whelming Gustwave	1	GqNTpPW79fHNzj7kB8Kkb	Surging Strike	1
zgP9HWNCqbrQPLMNP8Bwf	Whelming Gustwave	1	Hpq8jQm9H97HbfhBKgctd	Surging Strike	2
zgP9HWNCqbrQPLMNP8Bwf	Whelming Gustwave	1	KtHkGCQfc6Td7Dg8htCcJ	Surging Strike	3
jCrd8h9kPW8rJ9KwgRr8L	Whelming Gustwave	2	GqNTpPW79fHNzj7kB8Kkb	Surging Strike	1
jCrd8h9kPW8rJ9KwgRr8L	Whelming Gustwave	2	Hpq8jQm9H97HbfhBKgctd	Surging Strike	2
jCrd8h9kPW8rJ9KwgRr8L	Whelming Gustwave	2	KtHkGCQfc6Td7Dg8htCcJ	Surging Strike	3
M7gFnB7zpwHWCbzWCWKpd	Whelming Gustwave	3	GqNTpPW79fHNzj7kB8Kkb	Surging Strike	1
M7gFnB7zpwHWCbzWCWKpd	Whelming Gustwave	3	Hpq8jQm9H97HbfhBKgctd	Surging Strike	2
M7gFnB7zpwHWCbzWCWKpd	Whelming Gustwave	3	KtHkGCQfc6Td7Dg8htCcJ	Surging Strike	3
LD76nrjCTwzcf6Qk8cCjW	Steelblade Supremacy	1	Djhg6DMpCpFHD9rcPNFrN	Dorinthea Ironsong	
LD76nrjCTwzcf6Qk8cCjW	Steelblade Supremacy	1	KGqRPDfRrnPqdj7Cm76fr	Dorinthea	
LD76nrjCTwzcf6Qk8cCjW	Steelblade Supremacy	1	NJJCGNjdCFzrjLqGfL6mR	Dorinthea, Quicksilver Prodigy	
Crtn9djMPnRdwjKnhWRpk	Singing Steelblade	2	Djhg6DMpCpFHD9rcPNFrN	Dorinthea Ironsong	
Crtn9djMPnRdwjKnhWRpk	Singing Steelblade	2	KGqRPDfRrnPqdj7Cm76fr	Dorinthea	
Crtn9djMPnRdwjKnhWRpk	Singing Steelblade	2	NJJCGNjdCFzrjLqGfL6mR	Dorinthea, Quicksilver Prodigy	
C6NjgQKQBjDBcCJFg6cGd	Flock of the Feather Walkers	1	cDpMQnr8LwPFGMdgffNb8	Quicken	
bbJnkTkktrTJPPwGdWg7h	Flock of the Feather Walkers	2	cDpMQnr8LwPFGMdgffNb8	Quicken	
6fB9pCdHTN9WBhTBF7D6D	Flock of the Feather Walkers	3	cDpMQnr8LwPFGMdgffNb8	Quicken	
tfgqfmpf8PtwhJqcBKDwB	Nimble Strike	1	8gDnjCfGbwdzrRztkMJJG	Nimblism	1
tfgqfmpf8PtwhJqcBKDwB	Nimble Strike	1	M6j9KrDRqMMHwGqw9QLKz	Nimblism	2
tfgqfmpf8PtwhJqcBKDwB	Nimble Strike	1	cQD9DmppBQNGqb9CdqCRc	Nimblism	3
6M6NPTgtR8MTpJJrDMtRW	Nimble Strike	2	8gDnjCfGbwdzrRztkMJJG	Nimblism	1
6M6NPTgtR8MTpJJrDMtRW	Nimble Strike	2	M6j9KrDRqMMHwGqw9QLKz	Nimblism	2
6M6NPTgtR8MTpJJrDMtRW	Nimble Strike	2	cQD9DmppBQNGqb9CdqCRc	Nimblism	3
dKnLDB7TncwgzFwBf8jfz	Nimble Strike	3	8gDnjCfGbwdzrRztkMJJG	Nimblism	1
dKnLDB7TncwgzFwBf8jfz	Nimble Strike	3	M6j9KrDRqMMHwGqw9QLKz	Nimblism	2
dKnLDB7TncwgzFwBf8jfz	Nimble Strike	3	cQD9DmppBQNGqb9CdqCRc	Nimblism	3
J9LLjWpb6hwCtGPgdrg9h	Regurgitating Slog	1	kgTjdTtWrFMCqpHh9mn8C	Sloggism	1
J9LLjWpb6hwCtGPgdrg9h	Regurgitating Slog	1	b9jb87Hf88HzTMTFBRtwB	Sloggism	2
J9LLjWpb6hwCtGPgdrg9h	Regurgitating Slog	1	PhTkFwKHqwmWW8NjCbKHG	Sloggism	3
W7kjMQq9pJGQrBDPhhbgT	Regurgitating Slog	2	kgTjdTtWrFMCqpHh9mn8C	Sloggism	1
W7kjMQq9pJGQrBDPhhbgT	Regurgitating Slog	2	b9jb87Hf88HzTMTFBRtwB	Sloggism	2
W7kjMQq9pJGQrBDPhhbgT	Regurgitating Slog	2	PhTkFwKHqwmWW8NjCbKHG	Sloggism	3
br9CQqckKLHbJmqnrLnfR	Regurgitating Slog	3	kgTjdTtWrFMCqpHh9mn8C	Sloggism	1
br9CQqckKLHbJmqnrLnfR	Regurgitating Slog	3	b9jb87Hf88HzTMTFBRtwB	Sloggism	2
br9CQqckKLHbJmqnrLnfR	Regurgitating Slog	3	PhTkFwKHqwmWW8NjCbKHG	Sloggism	3
WhkHHgjnWgncTLFtLDKjn	Teklo Core	3	6CcjWGnThrTmTQFQ9zHMN	Dash, Inventor Extraordinaire	
WhkHHgjnWgncTLFtLDKjn	Teklo Core	3	kftPnNkrBLJ7rPmFGgQCm	Dash	
tqpr9PgWLMcrmggBmfL9B	Spark of Genius	2	6CcjWGnThrTmTQFQ9zHMN	Dash, Inventor Extraordinaire	
tqpr9PgWLMcrmggBmfL9B	Spark of Genius	2	kftPnNkrBLJ7rPmFGgQCm	Dash	
FLHmj9MjCgFPBzgFGKRFW	Red in the Ledger	1	PTFnJCdhWD9cFgMMNPqQj	Azalea, Ace in the Hole	
FLHmj9MjCgFPBzgFGKRFW	Red in the Ledger	1	Fc8mPQBjrNq6Fg9LW9RLc	Azalea	
zDLrkgc8QGm77T8qPGwqd	Nock the Deathwhistle	3	PTFnJCdhWD9cFgMMNPqQj	Azalea, Ace in the Hole	
zDLrkgc8QGm77T8qPGwqd	Nock the Deathwhistle	3	Fc8mPQBjrNq6Fg9LW9RLc	Azalea	
TKbRWjjBLJThMmLkTFb6q	Viserai, Rune Blood		zfrHQjbPkpBmdQGrWcTMB	Runechant	
RHnFkKb8FKdFzp9rdzGjF	Viserai		zfrHQjbPkpBmdQGrWcTMB	Runechant	
RWwk8hgBdnRdWfjkrfJHt	Nebula Blade		zfrHQjbPkpBmdQGrWcTMB	Runechant	
6WM7PKt9BCGmw7wQzn7k6	Grasp of the Arknight		zfrHQjbPkpBmdQGrWcTMB	Runechant	
hKGMtQDHtqLhzg8Lzmjmc	Arknight Ascendancy	1	TKbRWjjBLJThMmLkTFb6q	Viserai, Rune Blood	
hKGMtQDHtqLhzg8Lzmjmc	Arknight Ascendancy	1	RHnFkKb8FKdFzp9rdzGjF	Viserai	
hKGMtQDHtqLhzg8Lzmjmc	Arknight Ascendancy	1	zfrHQjbPkpBmdQGrWcTMB	Runechant	
8djTKwBRrz8W69BGtCbk9	Mordred Tide	1	zfrHQjbPkpBmdQGrWcTMB	Runechant	
rz79tn8mdQLDqNnhFdngk	Ninth Blade of the Blood Oath	2	zfrHQjbPkpBmdQGrWcTMB	Runechant	
FzmdMTfjQrhzn8bNBhhDw	Become the Arknight	3	TKbRWjjBLJThMmLkTFb6q	Viserai, Rune Blood	
FzmdMTfjQrhzn8bNBhhDw	Become the Arknight	3	RHnFkKb8FKdFzp9rdzGjF	Viserai	
QnWbfrP7C7ttrrWgtbMcp	Spellblade Assault	1	zfrHQjbPkpBmdQGrWcTMB	Runechant	
nR9RFbHQBGnNffDLqhfLB	Spellblade Assault	2	zfrHQjbPkpBmdQGrWcTMB	Runechant	
mFQfCDptGgjpTkDmdH6FP	Spellblade Assault	3	zfrHQjbPkpBmdQGrWcTMB	Runechant	
mwWD7hrDkKWWkDdchGbc9	Reduce to Runechant	1	zfrHQjbPkpBmdQGrWcTMB	Runechant	
CGPcNWJRc8pnPfCbQHtwJ	Reduce to Runechant	2	zfrHQjbPkpBmdQGrWcTMB	Runechant	
DNRzWPmnLQdMTb7MGftNw	Reduce to Runechant	3	zfrHQjbPkpBmdQGrWcTMB	Runechant	
rnFwQdqLFTRCDWbtT6Jqm	Oath of the Arknight	1	zfrHQjbPkpBmdQGrWcTMB	Runechant	
nfmPR87fzQhMLrPCdFTzD	Oath of the Arknight	2	zfrHQjbPkpBmdQGrWcTMB	Runechant	
GWfQC8Lqd9Jz8dnkNdrwt	Oath of the Arknight	3	zfrHQjbPkpBmdQGrWcTMB	Runechant	
GFRQBDGRhL9DMtwzKq7CL	Amplify the Arknight	1	zfrHQjbPkpBmdQGrWcTMB	Runechant	
zdgkJ9mtbmkbQfpzm9Thc	Amplify the Arknight	2	zfrHQjbPkpBmdQGrWcTMB	Runechant	
zmmpt8q8HqPFwPKK66Mjm	Amplify the Arknight	3	zfrHQjbPkpBmdQGrWcTMB	Runechant	
FWdhrBqFCH9nqqmRGPcTL	Drawn to the Dark Dimension	1	zfrHQjbPkpBmdQGrWcTMB	Runechant	
fDnDDNRg7WC6tfmFgz9LC	Drawn to the Dark Dimension	2	zfrHQjbPkpBmdQGrWcTMB	Runechant	
PMm7cqpbBL7wGwbqcqMcz	Drawn to the Dark Dimension	3	zfrHQjbPkpBmdQGrWcTMB	Runechant	
TWm6BC9zbHp69FkFNmbnR	Rune Flash	1	zfrHQjbPkpBmdQGrWcTMB	Runechant	
FCJjCLKrKbQ7nhwhHwbHB	Rune Flash	2	zfrHQjbPkpBmdQGrWcTMB	Runechant	
TGPPfm8pTmjLGHjB889bD	Rune Flash	3	zfrHQjbPkpBmdQGrWcTMB	Runechant	
WzzfbKbMHQTF7PHFQgnTM	Spellblade Strike	1	zfrHQjbPkpBmdQGrWcTMB	Runechant	
gRqjRd9CMnFtj7d8dfjpd	Spellblade Strike	2	zfrHQjbPkpBmdQGrWcTMB	Runechant	
6LzhNhWTWGWzFLDbCktPt	Spellblade Strike	3	zfrHQjbPkpBmdQGrWcTMB	Runechant	
qMJTpNtk6pbwMTqkRzhRG	Bloodspill Invocation	1	zfrHQjbPkpBmdQGrWcTMB	Runechant	
Cww8rKzD9W6Nf7TfwTBwL	Bloodspill Invocation	2	zfrHQjbPkpBmdQGrWcTMB	Runechant	
qbzLPGM6RCTWWhGKdnCNf	Bloodspill Invocation	3	zfrHQjbPkpBmdQGrWcTMB	Runechant	
gt9cjT8zwMBHj77R76H77	Read the Runes	1	zfrHQjbPkpBmdQGrWcTMB	Runechant	
McR66NfcGM8bnwMGbPL8H	Read the Runes	2	zfrHQjbPkpBmdQGrWcTMB	Runechant	
6QfkfBbmfr77GMbDTTbLw	Read the Runes	3	zfrHQjbPkpBmdQGrWcTMB	Runechant	
mjKPwTWCd7MTFkBpg6QzM	Blazing Aether	1	kRPqHdCckKBKfRwjbfzNT	Kano, Dracai of Aether	
mjKPwTWCd7MTFkBpg6QzM	Blazing Aether	1	Q9B8TDhTdfDLN8ccnBThK	Kano	
DGNn7nRKwBjzf9f9rmzJM	Lesson in Lava	2	kRPqHdCckKBKfRwjbfzNT	Kano, Dracai of Aether	
DGNn7nRKwBjzf9f9rmzJM	Lesson in Lava	2	Q9B8TDhTdfDLN8ccnBThK	Kano	
mhLrKM6RbWGGHNrTGjtMw	Moon Wish	1	QqKLnDCDCgnqtz8bzgFRt	Sun Kiss	1
mhLrKM6RbWGGHNrTGjtMw	Moon Wish	1	tnCRf6pBMHN7tLRBMRB9p	Sun Kiss	2
mhLrKM6RbWGGHNrTGjtMw	Moon Wish	1	rcCgrhCWrcPC9RGFqMqm9	Sun Kiss	3
B6bKcfDKzkQrTgCnbQKW7	Moon Wish	2	QqKLnDCDCgnqtz8bzgFRt	Sun Kiss	1
B6bKcfDKzkQrTgCnbQKW7	Moon Wish	2	tnCRf6pBMHN7tLRBMRB9p	Sun Kiss	2
B6bKcfDKzkQrTgCnbQKW7	Moon Wish	2	rcCgrhCWrcPC9RGFqMqm9	Sun Kiss	3
KdMNrGqDGQ9JPMbWjrr8M	Moon Wish	3	QqKLnDCDCgnqtz8bzgFRt	Sun Kiss	1
KdMNrGqDGQ9JPMbWjrr8M	Moon Wish	3	tnCRf6pBMHN7tLRBMRB9p	Sun Kiss	2
KdMNrGqDGQ9JPMbWjrr8M	Moon Wish	3	rcCgrhCWrcPC9RGFqMqm9	Sun Kiss	3
QqKLnDCDCgnqtz8bzgFRt	Sun Kiss	1	mhLrKM6RbWGGHNrTGjtMw	Moon Wish	1
QqKLnDCDCgnqtz8bzgFRt	Sun Kiss	1	B6bKcfDKzkQrTgCnbQKW7	Moon Wish	2
QqKLnDCDCgnqtz8bzgFRt	Sun Kiss	1	KdMNrGqDGQ9JPMbWjrr8M	Moon Wish	3
tnCRf6pBMHN7tLRBMRB9p	Sun Kiss	2	mhLrKM6RbWGGHNrTGjtMw	Moon Wish	1
tnCRf6pBMHN7tLRBMRB9p	Sun Kiss	2	B6bKcfDKzkQrTgCnbQKW7	Moon Wish	2
tnCRf6pBMHN7tLRBMRB9p	Sun Kiss	2	KdMNrGqDGQ9JPMbWjrr8M	Moon Wish	3
rcCgrhCWrcPC9RGFqMqm9	Sun Kiss	3	mhLrKM6RbWGGHNrTGjtMw	Moon Wish	1
rcCgrhCWrcPC9RGFqMqm9	Sun Kiss	3	B6bKcfDKzkQrTgCnbQKW7	Moon Wish	2
rcCgrhCWrcPC9RGFqMqm9	Sun Kiss	3	KdMNrGqDGQ9JPMbWjrr8M	Moon Wish	3
pkMGCRh9fDT98dRgnQF8W	Arknight Shard	3	TKbRWjjBLJThMmLkTFb6q	Viserai, Rune Blood	
pkMGCRh9fDT98dRgnQF8W	Arknight Shard	3	RHnFkKb8FKdFzp9rdzGjF	Viserai	
pkMGCRh9fDT98dRgnQF8W	Arknight Shard	3	zfrHQjbPkpBmdQGrWcTMB	Runechant	
PHz8kWCt6rw6Q6jMgbdQC	Find Center	3	b9Hw6NhDgfdQWLDQffTPC	Crane Dance	1
PHz8kWCt6rw6Q6jMgbdQC	Find Center	3	hdwcfGdrfcJ9bK78tPgRW	Crane Dance	2
PHz8kWCt6rw6Q6jMgbdQC	Find Center	3	KWNMNMjTzTQMRK7FF9J6T	Crane Dance	3
PHz8kWCt6rw6Q6jMgbdQC	Find Center	3	HhTPF8HGRqhFbTT8HnBBh	Zen State	
9QkzLM66JjHbrMD9M6KDf	Flood of Force	2	wmN6kmKhktkmfhWtqLmHm	Rushing River	1
9QkzLM66JjHbrMD9M6KDf	Flood of Force	2	cdcnJRkcCzJkDmb7NwnPQ	Rushing River	2
9QkzLM66JjHbrMD9M6KDf	Flood of Force	2	tMDDnhBrcpCL8c9MW7BgC	Rushing River	3
j8jNwqCDtMqHPbCrnLcbf	Heron's Flight	1	b9Hw6NhDgfdQWLDQffTPC	Crane Dance	1
j8jNwqCDtMqHPbCrnLcbf	Heron's Flight	1	hdwcfGdrfcJ9bK78tPgRW	Crane Dance	2
j8jNwqCDtMqHPbCrnLcbf	Heron's Flight	1	KWNMNMjTzTQMRK7FF9J6T	Crane Dance	3
b9Hw6NhDgfdQWLDQffTPC	Crane Dance	1	DH8zBCdjRpQmLKgbnRF8q	Soulbead Strike	1
b9Hw6NhDgfdQWLDQffTPC	Crane Dance	1	gz8JNPJGQNgq66jKkBzbD	Soulbead Strike	2
b9Hw6NhDgfdQWLDQffTPC	Crane Dance	1	DFrMBQFPRf7hTrcCwrRKd	Soulbead Strike	3
hdwcfGdrfcJ9bK78tPgRW	Crane Dance	2	DH8zBCdjRpQmLKgbnRF8q	Soulbead Strike	1
hdwcfGdrfcJ9bK78tPgRW	Crane Dance	2	gz8JNPJGQNgq66jKkBzbD	Soulbead Strike	2
hdwcfGdrfcJ9bK78tPgRW	Crane Dance	2	DFrMBQFPRf7hTrcCwrRKd	Soulbead Strike	3
KWNMNMjTzTQMRK7FF9J6T	Crane Dance	3	DH8zBCdjRpQmLKgbnRF8q	Soulbead Strike	1
KWNMNMjTzTQMRK7FF9J6T	Crane Dance	3	gz8JNPJGQNgq66jKkBzbD	Soulbead Strike	2
KWNMNMjTzTQMRK7FF9J6T	Crane Dance	3	DFrMBQFPRf7hTrcCwrRKd	Soulbead Strike	3
wmN6kmKhktkmfhWtqLmHm	Rushing River	1	9F67fMDKzMkLMJFr7GN67	Torrent of Tempo	1
wmN6kmKhktkmfhWtqLmHm	Rushing River	1	TR8gpGqrWD7JrKtjMqKbJ	Torrent of Tempo	2
wmN6kmKhktkmfhWtqLmHm	Rushing River	1	hRbLKmtGT7DJQqr9Q7MNN	Torrent of Tempo	3
cdcnJRkcCzJkDmb7NwnPQ	Rushing River	2	9F67fMDKzMkLMJFr7GN67	Torrent of Tempo	1
cdcnJRkcCzJkDmb7NwnPQ	Rushing River	2	TR8gpGqrWD7JrKtjMqKbJ	Torrent of Tempo	2
cdcnJRkcCzJkDmb7NwnPQ	Rushing River	2	hRbLKmtGT7DJQqr9Q7MNN	Torrent of Tempo	3
tMDDnhBrcpCL8c9MW7BgC	Rushing River	3	9F67fMDKzMkLMJFr7GN67	Torrent of Tempo	1
tMDDnhBrcpCL8c9MW7BgC	Rushing River	3	TR8gpGqrWD7JrKtjMqKbJ	Torrent of Tempo	2
tMDDnhBrcpCL8c9MW7BgC	Rushing River	3	hRbLKmtGT7DJQqr9Q7MNN	Torrent of Tempo	3
w98kfFNz9prGgmD88ptJR	Whirling Mist Blossom	2	GCRQMpBtqBHWrk68GqnGP	Ira, Crimson Haze	
wWmP8RJRq7MWk7kBh9q7w	Kassai, Cintari Sellsword		gzDGmdfm6gHWctgrcgfKf	Copper	
LKTc8bNLczk7p78FwWzTw	Spoils of War	1	gzDGmdfm6gHWctgrcgfKf	Copper	
rgq8FqBMdhn9khbwjDK6Q	Kavdaen, Trader of Skins		gzDGmdfm6gHWctgrcgfKf	Copper	
nGHhHDgKmGgb7gjwWjHJF	Bloodsheath Skeleta		zfrHQjbPkpBmdQGrWcTMB	Runechant	
HtQhWhjqqqtPNWbzNPjPf	Dread Triptych	3	zfrHQjbPkpBmdQGrWcTMB	Runechant	
NNF6jp7QzRTLGJwdK7Cdz	Runeblood Barrier	2	zfrHQjbPkpBmdQGrWcTMB	Runechant	
9CDHQQCrpWcFb7WnQPnJN	Mauvrion Skies	1	zfrHQjbPkpBmdQGrWcTMB	Runechant	
qgBwpjpHqRJFddcwwbCK8	Mauvrion Skies	2	zfrHQjbPkpBmdQGrWcTMB	Runechant	
tpCTjhFnCPJKBbPbRnFLM	Mauvrion Skies	3	zfrHQjbPkpBmdQGrWcTMB	Runechant	
rpF86BNmBttKMGpckqJnq	Meat and Greet	1	zfrHQjbPkpBmdQGrWcTMB	Runechant	
7cFGrC8JzLcFjRzJ8fnWH	Meat and Greet	2	zfrHQjbPkpBmdQGrWcTMB	Runechant	
kMHrRGnggnJtkzk7PhbH8	Meat and Greet	3	zfrHQjbPkpBmdQGrWcTMB	Runechant	
QQMpBBLgqWwtCHqdfRBkR	Sutcliffe's Research Notes	1	zfrHQjbPkpBmdQGrWcTMB	Runechant	
CQCQjcqCrt7TkdtQ88kLM	Sutcliffe's Research Notes	2	zfrHQjbPkpBmdQGrWcTMB	Runechant	
brKBKrnCrpggpqBPwbpjN	Sutcliffe's Research Notes	3	zfrHQjbPkpBmdQGrWcTMB	Runechant	
LzjkDR6QcL9WBztfDTRt9	Coax a Commotion	1	cDpMQnr8LwPFGMdgffNb8	Quicken	
Ld6twwNTNGTcWFw9rRWfh	Cash In	2	gzDGmdfm6gHWctgrcgfKf	Copper	
Ld6twwNTNGTcWFw9rRWfh	Cash In	2	TNJz9fCgqmhhLz9rP9tkt	Silver	
Ld6twwNTNGTcWFw9rRWfh	Cash In	2	8qdmprPg7kckn8ktMTKQh	Gold	
F7rQpTDjHFWPgQhcGg7RT	Prism, Sculptor of Arc Light		NwwnMqBg9tdRBp9NWHpgf	Spectral Shield	
NGkHQHjzkFqfmGLKmRCpj	Prism		NwwnMqBg9tdRBp9NWHpgf	Spectral Shield	
hD7Tgjzp9pwjttPmcFttW	Arc Light Sentinel	2	F7rQpTDjHFWPgQhcGg7RT	Prism, Sculptor of Arc Light	
hD7Tgjzp9pwjttPmcFttW	Arc Light Sentinel	2	NGkHQHjzkFqfmGLKmRCpj	Prism	
8TtCrkgJBC6h8TWjMgk8m	Genesis	2	NwwnMqBg9tdRBp9NWHpgf	Spectral Shield	
z7fKMTdrJ6jGBFWTMTbnF	Herald of Judgment	2	F7rQpTDjHFWPgQhcGg7RT	Prism, Sculptor of Arc Light	
z7fKMTdrJ6jGBFWTMTbnF	Herald of Judgment	2	NGkHQHjzkFqfmGLKmRCpj	Prism	
LrjRbqHNNKbLGfqDPjp7R	Herald of Protection	1	NwwnMqBg9tdRBp9NWHpgf	Spectral Shield	
GpWJp9RKt7nrzt6dCMnbH	Herald of Protection	2	NwwnMqBg9tdRBp9NWHpgf	Spectral Shield	
kWCjCDmt6k6Rq7bkf7pGr	Herald of Protection	3	NwwnMqBg9tdRBp9NWHpgf	Spectral Shield	
KHwWtFzhjTgbrJJrkGjFc	Prismatic Shield	1	NwwnMqBg9tdRBp9NWHpgf	Spectral Shield	
GwNppkqrrrfrMgRWhT9rr	Prismatic Shield	2	NwwnMqBg9tdRBp9NWHpgf	Spectral Shield	
bFjnrzdmFLkwdBbWHnGfR	Prismatic Shield	3	NwwnMqBg9tdRBp9NWHpgf	Spectral Shield	
99B9LdcMnLqBhwjQmrHRG	Hatchet of Body		TCDKdFdzFT6nJnBBRbCLL	Hatchet of Mind	
TCDKdFdzFT6nJnBBRbCLL	Hatchet of Mind		99B9LdcMnLqBhwjQmrHRG	Hatchet of Body	
L8wq9HzdqTwM8tLWCRGcR	Lumina Ascension	2	QrKGJL7bHCFKbr9N9MNpm	Ser Boltyn, Breaker of Dawn	
L8wq9HzdqTwM8tLWCRGcR	Lumina Ascension	2	Fmf8trg9w8B8BBbWrf8w9	Boltyn	
bChp6GBR8QhHJLgpzKC6J	V of the Vanguard	2	QrKGJL7bHCFKbr9N9MNpm	Ser Boltyn, Breaker of Dawn	
bChp6GBR8QhHJLgpzKC6J	V of the Vanguard	2	Fmf8trg9w8B8BBbWrf8w9	Boltyn	
MhBTRHCCft7RbrMmkwwGw	Chane, Bound by Shadow		9F6H6kTdQdcHrDrRCDmLP	Soul Shackle	
mCCnJrJQkqJ7KfqKNHGnc	Chane		9F6H6kTdQdcHrDrRCDmLP	Soul Shackle	
w7HdMtLpHDBRNJcKHWHpc	Doomsday	3	KCwnGqDJtnmJfth7fn8Qq	Levia, Shadowborn Abomination	
w7HdMtLpHDBRNJcKHWHpc	Doomsday	3	WwzJLfPwhRTkFLDNjJPrk	Levia	
w7HdMtLpHDBRNJcKHWHpc	Doomsday	3	qJ8HCWnpHbPRGRGpt86Cb	Blasmophet, the Soul Harvester	
PDHFDfPrn8TwBGw6h7cFr	Eclipse	3	MhBTRHCCft7RbrMmkwwGw	Chane, Bound by Shadow	
PDHFDfPrn8TwBGw6h7cFr	Eclipse	3	mCCnJrJQkqJ7KfqKNHGnc	Chane	
PDHFDfPrn8TwBGw6h7cFr	Eclipse	3	pN9zPNQfc6GGrwdgMBLkj	Ursur, the Soul Reaper	
G8kbQ7Q6wgqdrcQgLGQpP	Soul Harvest	3	KCwnGqDJtnmJfth7fn8Qq	Levia, Shadowborn Abomination	
G8kbQ7Q6wgqdrcQgLGQpP	Soul Harvest	3	WwzJLfPwhRTkFLDNjJPrk	Levia	
wbTGmgDqLtMmbDgcPzCmJ	Soul Reaping	1	MhBTRHCCft7RbrMmkwwGw	Chane, Bound by Shadow	
wbTGmgDqLtMmbDgcPzCmJ	Soul Reaping	1	mCCnJrJQkqJ7KfqKNHGnc	Chane	
CtgLqKpjrGRtLnwbHjd9f	Belittle	1	hFFjjMfRw6J8KhBC7Tdzj	Minnowism	1
CtgLqKpjrGRtLnwbHjd9f	Belittle	1	CbJgbPBCGkgwbwkLRPd8m	Minnowism	2
CtgLqKpjrGRtLnwbHjd9f	Belittle	1	BNMTzb6WbFTGp7PFnHD6d	Minnowism	3
8b9Fj6hL8WbNF6zDgzJFp	Belittle	2	hFFjjMfRw6J8KhBC7Tdzj	Minnowism	1
8b9Fj6hL8WbNF6zDgzJFp	Belittle	2	CbJgbPBCGkgwbwkLRPd8m	Minnowism	2
8b9Fj6hL8WbNF6zDgzJFp	Belittle	2	BNMTzb6WbFTGp7PFnHD6d	Minnowism	3
dgBTMrWQ8F7gTCt6m7ngM	Belittle	3	hFFjjMfRw6J8KhBC7Tdzj	Minnowism	1
dgBTMrWQ8F7gTCt6m7ngM	Belittle	3	CbJgbPBCGkgwbwkLRPd8m	Minnowism	2
dgBTMrWQ8F7gTCt6m7ngM	Belittle	3	BNMTzb6WbFTGp7PFnHD6d	Minnowism	3
pCdJMzmgBMD8Mt8qhM7nC	Winter's Wail		GHG6KkBzPkHDnMf7hL7K7	Frostbite	
dncM8DzP7fJ9JWDqqWfHj	Endless Winter	1	bh96L8jp69mNpjcGRCDbj	Oldhim, Grandfather of Eternity	
dncM8DzP7fJ9JWDqqWfHj	Endless Winter	1	hw6qHfWdqQGfRPfKJMgR7	Oldhim	
dncM8DzP7fJ9JWDqqWfHj	Endless Winter	1	GHG6KkBzPkHDnMf7hL7K7	Frostbite	
phCFwdjG8dKDCmr7d7F7M	Awakening	3	Rf8CHpzmhJNppCtDDKWDm	Seismic Surge	
q8rqGffz6jP9D7w8DbkcL	Snow Under	1	GHG6KkBzPkHDnMf7hL7K7	Frostbite	
MLkbJDtPDkLWPNpfwfTDJ	Snow Under	2	GHG6KkBzPkHDnMf7hL7K7	Frostbite	
NzNjkqqJgrbPbJpWQ8RWp	Snow Under	3	GHG6KkBzPkHDnMf7hL7K7	Frostbite	
FFrCkdLPFwwTzHJPwcTRC	Emerging Avalanche	1	GHG6KkBzPkHDnMf7hL7K7	Frostbite	
bjbb9hfw8BzbQqqqHtCjJ	Emerging Avalanche	2	GHG6KkBzPkHDnMf7hL7K7	Frostbite	
NDkNqCchBdrhwz7RCBn77	Emerging Avalanche	3	GHG6KkBzPkHDnMf7hL7K7	Frostbite	
GCTpfzJrrJnnNjMFhHRHF	Strength of Sequoia	1	Rf8CHpzmhJNppCtDDKWDm	Seismic Surge	
LgRfr8GwTMrwtm9HwFJkb	Strength of Sequoia	2	Rf8CHpzmhJNppCtDDKWDm	Seismic Surge	
NwfdR79tdkkfRMH7RmjKr	Strength of Sequoia	3	Rf8CHpzmhJNppCtDDKWDm	Seismic Surge	
PFmgFK9dFr8q6PrpJFpPG	Lexi, Livewire		GHG6KkBzPkHDnMf7hL7K7	Frostbite	
GFc7t8wNTwC8rCFwrqTfh	Lexi		GHG6KkBzPkHDnMf7hL7K7	Frostbite	
7hLgJ6QwzWmFrG8phh9qb	Light it Up	2	PFmgFK9dFr8q6PrpJFpPG	Lexi, Livewire	
7hLgJ6QwzWmFrG8phh9qb	Light it Up	2	GFc7t8wNTwC8rCFwrqTfh	Lexi	
8f6PJ8ztqJhcQRFDLR9nG	Ice Storm	1	GHG6KkBzPkHDnMf7hL7K7	Frostbite	
wfzwGpLbJTtQ9DDhCchdP	Blizzard Bolt	1	GHG6KkBzPkHDnMf7hL7K7	Frostbite	
wqm8d9NngqkJN7dDNwtHJ	Blizzard Bolt	2	GHG6KkBzPkHDnMf7hL7K7	Frostbite	
gJCkLbwKKhftmCtmQqr7r	Blizzard Bolt	3	GHG6KkBzPkHDnMf7hL7K7	Frostbite	
cjDzkKdjNrGqL9tnDc7zd	Briar, Warden of Thorns		jrcdWNnMQCtrjQqKjd9Fw	Embodiment of Earth	
cjDzkKdjNrGqL9tnDc7zd	Briar, Warden of Thorns		QBwTWNc9FMGQfwHRTTdHj	Embodiment of Lightning	
7TjkgnbJ8tghfrkMRnTfW	Briar		jrcdWNnMQCtrjQqKjd9Fw	Embodiment of Earth	
7TjkgnbJ8tghfrkMRnTfW	Briar		QBwTWNc9FMGQfwHRTTdHj	Embodiment of Lightning	
GwJdwRwJFbjNNWLzCqr6M	Force of Nature	3	cjDzkKdjNrGqL9tnDc7zd	Briar, Warden of Thorns	
GwJdwRwJFbjNNWLzCqr6M	Force of Nature	3	7TjkgnbJ8tghfrkMRnTfW	Briar	
KdPWDMfBd8BQp66B9chCQ	Coat of Frost		GHG6KkBzPkHDnMf7hL7K7	Frostbite	
dMw97RJqc6PgTctzgWWK9	Ice Quake	1	GHG6KkBzPkHDnMf7hL7K7	Frostbite	
kTNdJ7FzJFNzgLpBWgTPM	Ice Quake	2	GHG6KkBzPkHDnMf7hL7K7	Frostbite	
hKkwwcJqJn9gdfRzgbmcF	Ice Quake	3	GHG6KkBzPkHDnMf7hL7K7	Frostbite	
pNjR9CjBG6nHqJ9kdMQmJ	Icy Encounter	1	GHG6KkBzPkHDnMf7hL7K7	Frostbite	
hnJmqBJqmdmw886QMF6n6	Icy Encounter	2	GHG6KkBzPkHDnMf7hL7K7	Frostbite	
nCkGmQKJwMhgGgKWNWbGH	Icy Encounter	3	GHG6KkBzPkHDnMf7hL7K7	Frostbite	
hn6Jp8hBLgpwRPd8gNnN7	Chill to the Bone	1	GHG6KkBzPkHDnMf7hL7K7	Frostbite	
78zTbm7gJD7r866HNpHGW	Chill to the Bone	2	GHG6KkBzPkHDnMf7hL7K7	Frostbite	
dmcWqBfNRjBTbCtfLWtmH	Chill to the Bone	3	GHG6KkBzPkHDnMf7hL7K7	Frostbite	
pwfB8pHmJRDD8CfP8mTbr	Grandeur of Valahai		Rf8CHpzmhJNppCtDDKWDm	Seismic Surge	
ppcpmnFc99GT8bbwbCBth	Ready to Roll	3	NcQMQ79gb9P7CTMfWfBz8	Kayo, Berserker Runt	
jPMgW9kwNF8Cj69gwJntt	Swing Big	1	cDpMQnr8LwPFGMdgffNb8	Quicken	
BCpDT6GfzNwKW8qz7WbrN	Stalagmite, Bastion of Isenloft		GHG6KkBzPkHDnMf7hL7K7	Frostbite	
zWhGF8kMMdmKdhMNdj6NH	Valda Brightaxe		Rf8CHpzmhJNppCtDDKWDm	Seismic Surge	
qCwM6LGq87rrqGQFk8rKG	Earthlore Bounty		Rf8CHpzmhJNppCtDDKWDm	Seismic Surge	
NqRrPq9RLbrhFrrgzndt8	Seismic Stir	1	Rf8CHpzmhJNppCtDDKWDm	Seismic Surge	
FFGW6Kn6mWFFFWcwkpdHh	Seismic Stir	2	Rf8CHpzmhJNppCtDDKWDm	Seismic Surge	
h7n8tCF66mwtfWfqLLz87	Seismic Stir	3	Rf8CHpzmhJNppCtDDKWDm	Seismic Surge	
wgLPnnJb8QW7WH6zRFbNr	Break Tide	2	wmN6kmKhktkmfhWtqLmHm	Rushing River	1
wgLPnnJb8QW7WH6zRFbNr	Break Tide	2	cdcnJRkcCzJkDmb7NwnPQ	Rushing River	2
wgLPnnJb8QW7WH6zRFbNr	Break Tide	2	tMDDnhBrcpCL8c9MW7BgC	Rushing River	3
wgLPnnJb8QW7WH6zRFbNr	Break Tide	2	9QkzLM66JjHbrMD9M6KDf	Flood of Force	2
HMFLP9L76wCJBGGhBKChT	Spring Tidings	2	HT8r8mg8rHmbWJthCFHfH	Benji, the Piercing Wind	
zcrgwbPhb8wr7MFmMDTzw	Winds of Eternity	3	pGDD7t8RQzK7gdJkjdhdQ	Hundred Winds	1
zcrgwbPhb8wr7MFmMDTzw	Winds of Eternity	3	gcfNgcdDLzRGCmpfWnKqF	Hundred Winds	2
zcrgwbPhb8wr7MFmMDTzw	Winds of Eternity	3	JbrwN8cw6hzWNFg9cMrFH	Hundred Winds	3
pGDD7t8RQzK7gdJkjdhdQ	Hundred Winds	1	pGDD7t8RQzK7gdJkjdhdQ	Hundred Winds	1
pGDD7t8RQzK7gdJkjdhdQ	Hundred Winds	1	gcfNgcdDLzRGCmpfWnKqF	Hundred Winds	2
pGDD7t8RQzK7gdJkjdhdQ	Hundred Winds	1	JbrwN8cw6hzWNFg9cMrFH	Hundred Winds	3
gcfNgcdDLzRGCmpfWnKqF	Hundred Winds	2	pGDD7t8RQzK7gdJkjdhdQ	Hundred Winds	1
gcfNgcdDLzRGCmpfWnKqF	Hundred Winds	2	gcfNgcdDLzRGCmpfWnKqF	Hundred Winds	2
gcfNgcdDLzRGCmpfWnKqF	Hundred Winds	2	JbrwN8cw6hzWNFg9cMrFH	Hundred Winds	3
JbrwN8cw6hzWNFg9cMrFH	Hundred Winds	3	pGDD7t8RQzK7gdJkjdhdQ	Hundred Winds	1
JbrwN8cw6hzWNFg9cMrFH	Hundred Winds	3	gcfNgcdDLzRGCmpfWnKqF	Hundred Winds	2
JbrwN8cw6hzWNFg9cMrFH	Hundred Winds	3	JbrwN8cw6hzWNFg9cMrFH	Hundred Winds	3
RHrBnDBNJwLh8PDLGBmch	Blood On Her Hands	2	wWmP8RJRq7MWk7kBh9q7w	Kassai, Cintari Sellsword	
RHrBnDBNJwLh8PDLGBmch	Blood On Her Hands	2	gzDGmdfm6gHWctgrcgfKf	Copper	
cbKTjfkmpJCCQcRpKbPCJ	Outland Skirmish	1	gzDGmdfm6gHWctgrcgfKf	Copper	
h7cHBbCqJnRKPFFLHmbHL	Outland Skirmish	2	gzDGmdfm6gHWctgrcgfKf	Copper	
6NqHrDGMBKrbmcCKQG6Hd	Outland Skirmish	3	gzDGmdfm6gHWctgrcgfKf	Copper	
r8fjLMCFnQhFrRjwpMTgK	Micro-processor	3	kbdzm8R7MHCpWC79RdTGH	Data Doll MKII	
Mqj9K8NgJ7LFBwMKWk6L7	Genis Wotchuneed		TNJz9fCgqmhhLz9rP9tkt	Silver	
gCgcRpmr76G6zmFgpprRw	Silver Palms		TNJz9fCgqmhhLz9rP9tkt	Silver	
wQh8rPTLTrzGqHhfbGnq6	Vexing Quillhand		zfrHQjbPkpBmdQGrWcTMB	Runechant	
gBdLwdzLq6zrMGbHKpKfw	Runic Reclamation	1	zfrHQjbPkpBmdQGrWcTMB	Runechant	
z9Jm6MkWcjqRHwQWkgRDj	Revel in Runeblood	1	zfrHQjbPkpBmdQGrWcTMB	Runechant	
HP8HBbKwHCRChp7n7MgDB	Runeblood Incantation	1	zfrHQjbPkpBmdQGrWcTMB	Runechant	
8DjkqfBWGccNqnzjLNhqG	Runeblood Incantation	2	zfrHQjbPkpBmdQGrWcTMB	Runechant	
Kg9LDB97dGzHHMdTCd8R6	Runeblood Incantation	3	zfrHQjbPkpBmdQGrWcTMB	Runechant	
TmKrpP8tDg8bmpnqMPtgj	Iyslander		GHG6KkBzPkHDnMf7hL7K7	Frostbite	
RFRrT7hMB7bMJ9jcjzJgj	Haze Bending	3	NwwnMqBg9tdRBp9NWHpgf	Spectral Shield	
6KwJ86P99FbcRKnbnRpnj	Phantasmal Haze	1	NwwnMqBg9tdRBp9NWHpgf	Spectral Shield	
cQkdbRCNDrm6LmPNWPTHz	Phantasmal Haze	2	NwwnMqBg9tdRBp9NWHpgf	Spectral Shield	
JqK88CP9ND6FCGjTGRMgj	Phantasmal Haze	3	NwwnMqBg9tdRBp9NWHpgf	Spectral Shield	
tWjDdc6FFdnDNk7dLgzt7	Cash Out	3	TNJz9fCgqmhhLz9rP9tkt	Silver	
jtJnCFHwQf7w9hwzbBtQt	Knick Knack Bric-a-Brac	1	gzDGmdfm6gHWctgrcgfKf	Copper	
jtJnCFHwQf7w9hwzbBtQt	Knick Knack Bric-a-Brac	1	TNJz9fCgqmhhLz9rP9tkt	Silver	
jtJnCFHwQf7w9hwzbBtQt	Knick Knack Bric-a-Brac	1	8qdmprPg7kckn8ktMTKQh	Gold	
jtJnCFHwQf7w9hwzbBtQt	Knick Knack Bric-a-Brac	1	nHTP6hGgLz6zfpdFH9Fpt	Energy Potion	3
jtJnCFHwQf7w9hwzbBtQt	Knick Knack Bric-a-Brac	1	fNMMHHpLGMCjHh8KQG8nW	Potion of Strength	3
jtJnCFHwQf7w9hwzbBtQt	Knick Knack Bric-a-Brac	1	mjww7bNnkN6g7DtDfRcmW	Timesnap Potion	3
jtJnCFHwQf7w9hwzbBtQt	Knick Knack Bric-a-Brac	1	8PgrwjDp8NNrz9mDGDP8B	Amulet of Earth	3
jtJnCFHwQf7w9hwzbBtQt	Knick Knack Bric-a-Brac	1	t6MkmHjPRNghmMcMQbqch	Amulet of Ice	3
jtJnCFHwQf7w9hwzbBtQt	Knick Knack Bric-a-Brac	1	fCzgQtjJ9Q8gdrPq9t7Wc	Amulet of Lightning	3
jtJnCFHwQf7w9hwzbBtQt	Knick Knack Bric-a-Brac	1	zDfRfgF6fn7WGTKcj67JK	Amulet of Assertiveness	2
jtJnCFHwQf7w9hwzbBtQt	Knick Knack Bric-a-Brac	1	fgWtKprkRGWMhWwkCPJFm	Amulet of Echoes	3
jtJnCFHwQf7w9hwzbBtQt	Knick Knack Bric-a-Brac	1	77rfcbF6JzTp98njhmLrq	Amulet of Havencall	3
jtJnCFHwQf7w9hwzbBtQt	Knick Knack Bric-a-Brac	1	LPkdwMCjwHHMC6wkHCbRb	Amulet of Ignition	2
jtJnCFHwQf7w9hwzbBtQt	Knick Knack Bric-a-Brac	1	77HjThGWgwMQMqDRNBLMc	Amulet of Intervention	3
jtJnCFHwQf7w9hwzbBtQt	Knick Knack Bric-a-Brac	1	rtq8MPBRKQzBpWTWRpj8t	Amulet of Oblation	3
jtJnCFHwQf7w9hwzbBtQt	Knick Knack Bric-a-Brac	1	M8HJKTz7QwHTjGtjdHqDM	Clarity Potion	3
jtJnCFHwQf7w9hwzbBtQt	Knick Knack Bric-a-Brac	1	mRhKjfhKd6K6DPB8f6Twg	Healing Potion	3
jtJnCFHwQf7w9hwzbBtQt	Knick Knack Bric-a-Brac	1	HkNT7zKrjgzBDp6Mq76Nm	Potion of Seeing	3
jtJnCFHwQf7w9hwzbBtQt	Knick Knack Bric-a-Brac	1	qLwNCBR9FCfnnPtPjkWNp	Potion of Déjà Vu	3
jtJnCFHwQf7w9hwzbBtQt	Knick Knack Bric-a-Brac	1	LRdKLkdKnTJ8CCczKmwzw	Potion of Ironhide	3
jtJnCFHwQf7w9hwzbBtQt	Knick Knack Bric-a-Brac	1	K6NjFFzbnPdFpFCDRLMrK	Potion of Luck	3
jtJnCFHwQf7w9hwzbBtQt	Knick Knack Bric-a-Brac	1	LWWn7QHqCdDCQRFqPKBJM	Talisman of Balance	3
jtJnCFHwQf7w9hwzbBtQt	Knick Knack Bric-a-Brac	1	gndDzrf8p9pprWwb6HwtL	Talisman of Cremation	3
jtJnCFHwQf7w9hwzbBtQt	Knick Knack Bric-a-Brac	1	6hDkMpLkc7DhKgtNQFwHP	Talisman of Featherfoot	2
jtJnCFHwQf7w9hwzbBtQt	Knick Knack Bric-a-Brac	1	9ttJWT9drbGLKtmTFMDqM	Talisman of Recompense	2
jtJnCFHwQf7w9hwzbBtQt	Knick Knack Bric-a-Brac	1	zhgmgL9kJnkNLdL9LK6kn	Talisman of Tithes	3
jtJnCFHwQf7w9hwzbBtQt	Knick Knack Bric-a-Brac	1	prmFpdjrdCqD9hDmHTfPK	Talisman of Warfare	2
LJ9FRbpjJLcpHMM6wk6HW	Life of the Party	1	zHBTDcDtMLgTrqfnmTB9q	Crazy Brew	3
7frtgrpJFT9fmwbnbfrP6	Life of the Party	2	zHBTDcDtMLgTrqfnmTB9q	Crazy Brew	3
bbgPwChkMppQBfwfrfTtL	Life of the Party	3	zHBTDcDtMLgTrqfnmTB9q	Crazy Brew	3
8DbbfFFWLbmpbtdFMbnDM	High Striker	1	gzDGmdfm6gHWctgrcgfKf	Copper	
dT9zWQdWrRnqwfC7Qmcnp	High Striker	2	gzDGmdfm6gHWctgrcgfKf	Copper	
RFdQdrNDp9QHmpffbKFfg	High Striker	3	gzDGmdfm6gHWctgrcgfKf	Copper	
bLmknjcbt6Bjn6RTmTBMF	Pick a Card, Any Card	1	TNJz9fCgqmhhLz9rP9tkt	Silver	
NqrpkQtGmHDTpHHdjWHHb	Pick a Card, Any Card	2	TNJz9fCgqmhhLz9rP9tkt	Silver	
7JCwqHtn96Wt7DnWcTb6B	Pick a Card, Any Card	3	TNJz9fCgqmhhLz9rP9tkt	Silver	
WQQFCnb8FKJn9HrzCNDmG	Even Bigger Than That!	1	cDpMQnr8LwPFGMdgffNb8	Quicken	
QbtQ6rBPTTD99TNC7PGRM	Even Bigger Than That!	2	cDpMQnr8LwPFGMdgffNb8	Quicken	
LDCrQmNm8bFk8wcCJ6pj9	Even Bigger Than That!	3	cDpMQnr8LwPFGMdgffNb8	Quicken	
NJJCGNjdCFzrjLqGfL6mR	Dorinthea, Quicksilver Prodigy		kTzjGBrWbwncJCt7wLTrH	Dawnblade, Resplendent	
7BHmLFHMLWwnzR7Fhf667	Glistening Steelblade	2	Djhg6DMpCpFHD9rcPNFrN	Dorinthea Ironsong	
7BHmLFHMLWwnzR7Fhf667	Glistening Steelblade	2	KGqRPDfRrnPqdj7Cm76fr	Dorinthea	
7BHmLFHMLWwnzR7Fhf667	Glistening Steelblade	2	NJJCGNjdCFzrjLqGfL6mR	Dorinthea, Quicksilver Prodigy	
7BHmLFHMLWwnzR7Fhf667	Glistening Steelblade	2	NDjHqNJrckK6pjK7LwfMW	Dawnblade	
7BHmLFHMLWwnzR7Fhf667	Glistening Steelblade	2	kTzjGBrWbwncJCt7wLTrH	Dawnblade, Resplendent	
PrJkWBKNgtNdzhqhWLGFw	Dromai, Ash Artist		G6CnbFqjfGgKqqqmnCbMh	Ash	
Dz6FcRBNMFdBt9fJPMB7d	Dromai		G6CnbFqjfGgKqqqmnCbMh	Ash	
DgTbtnmDPchPRckcHTjpz	Silken Form		pLwDDWbJgbKkQCpzDrc7Q	Aether Ashwing	
BPPzktrTM7CqMKmbmmkDH	Invoke Dracona Optimai	1	78FGMN9nn9QR9FDzC9z68	Dracona Optimai	
C7PG6mkm7JPNTBWKJwHpt	Invoke Tomeltai	1	JQqp6Ctw7QMLRDMgTnW6g	Tomeltai	
wjwFgpKPTgkKNGgr8Q7JK	Invoke Dominia	1	hjggcdqWwpwNKCrTBj6J7	Dominia	
QJKrt7FrgBJqNBhfjbmCP	Invoke Azvolai	1	wBNMRCQPNBjPcfJwgrf9j	Azvolai	
zRfhznJbJjhPqrtCqNMPT	Invoke Cromai	1	hnnpkTnnFPR76kw7qg7mr	Cromai	
qRbQCrnwpWm7mtbfpcFn7	Invoke Kyloria	1	PHgMJBpk9fJcWNrrnqztz	Kyloria	
QLFBGCzhjCqFKrPBn7GFN	Invoke Miragai	1	Nhdt8dQ86kQhLgFd8cd8z	Miragai	
QjT7Pt8nTWqtfT6GbrQnJ	Invoke Nekria	1	b886KqRJLbpj78kHWMQJ9	Nekria	
b886KqRJLbpj78kHWMQJ9	Nekria		G6CnbFqjfGgKqqqmnCbMh	Ash	
PWGBRjB7mhQJNkq896RNz	Invoke Ouvia	1	dR8hjTth9bHpdLfTBPLNM	Ouvia	
dR8hjTth9bHpdLfTBPLNM	Ouvia		pLwDDWbJgbKkQCpzDrc7Q	Aether Ashwing	
8htBPWMfPrM8bzjf8LrCr	Invoke Themai	1	HBMfgJPgbmbWzJrRtJCjk	Themai	
KWR8NHg7qbrP9rnbfWPr7	Invoke Vynserakai	1	MFrJG8G8RgrhkpfkD8KWj	Vynserakai	
9J9c98JJDc8mtKnRR9hhq	Invoke Yendurai	1	gqTpfTkztdLpN8W6TpRtR	Yendurai	
jCLhjJp9PcgJFQHQfLQrf	Billowing Mirage	1	pLwDDWbJgbKkQCpzDrc7Q	Aether Ashwing	
KkrrmhNQDqWc7WWKMTTNz	Billowing Mirage	2	pLwDDWbJgbKkQCpzDrc7Q	Aether Ashwing	
J7J6PfqbMCBzQDKtrMfCD	Billowing Mirage	3	pLwDDWbJgbKkQCpzDrc7Q	Aether Ashwing	
RFF6Bj8MJNDJLQG9kkpq8	Dunebreaker Cenipai	1	G6CnbFqjfGgKqqqmnCbMh	Ash	
C89BtPGzhFfFBmBtLPJw7	Dunebreaker Cenipai	2	G6CnbFqjfGgKqqqmnCbMh	Ash	
MhjRwG9PN8QWqkr7bnTHH	Dunebreaker Cenipai	3	G6CnbFqjfGgKqqqmnCbMh	Ash	
kzcjwdh7jFzjBtQTp66Dz	Dustup	1	G6CnbFqjfGgKqqqmnCbMh	Ash	
kzcjwdh7jFzjBtQTp66Dz	Dustup	1	pLwDDWbJgbKkQCpzDrc7Q	Aether Ashwing	
HkTf6CPMRKgDkntFLngDg	Dustup	2	G6CnbFqjfGgKqqqmnCbMh	Ash	
HkTf6CPMRKgDkntFLngDg	Dustup	2	pLwDDWbJgbKkQCpzDrc7Q	Aether Ashwing	
t9JLzLpkTqwMQmzjkcDG8	Dustup	3	G6CnbFqjfGgKqqqmnCbMh	Ash	
t9JLzLpkTqwMQmzjkcDG8	Dustup	3	pLwDDWbJgbKkQCpzDrc7Q	Aether Ashwing	
kqndgG6wmB6CLq6FqfjJ9	Embermaw Cenipai	1	G6CnbFqjfGgKqqqmnCbMh	Ash	
NKpQT99rMW9DHw6Jjgrq8	Embermaw Cenipai	2	G6CnbFqjfGgKqqqmnCbMh	Ash	
fkrcRbTfRgjF8tpTKPMNH	Embermaw Cenipai	3	G6CnbFqjfGgKqqqmnCbMh	Ash	
BQDcMDQpmhqJfwGDNNMcL	Sweeping Blow	1	G6CnbFqjfGgKqqqmnCbMh	Ash	
fqQ96RtWDpg7Lh6HcjmFk	Sweeping Blow	2	G6CnbFqjfGgKqqqmnCbMh	Ash	
NgdLmcdGCGFwQG98dqGwB	Sweeping Blow	3	G6CnbFqjfGgKqqqmnCbMh	Ash	
W6R6JDdMT8g77qmHJCDhG	Rake the Embers	1	G6CnbFqjfGgKqqqmnCbMh	Ash	
W6R6JDdMT8g77qmHJCDhG	Rake the Embers	1	pLwDDWbJgbKkQCpzDrc7Q	Aether Ashwing	
ctP6TMfCKqwK6QpjG7wLH	Rake the Embers	2	G6CnbFqjfGgKqqqmnCbMh	Ash	
ctP6TMfCKqwK6QpjG7wLH	Rake the Embers	2	pLwDDWbJgbKkQCpzDrc7Q	Aether Ashwing	
pP7GCzgTjQPMNLBFfRbBw	Rake the Embers	3	G6CnbFqjfGgKqqqmnCbMh	Ash	
pP7GCzgTjQPMNLBFfRbBw	Rake the Embers	3	pLwDDWbJgbKkQCpzDrc7Q	Aether Ashwing	
cjk6KqfdDWCF6pLdpQFdj	Skittering Sands	1	pLwDDWbJgbKkQCpzDrc7Q	Aether Ashwing	
RDkP9CqzbwDGJmTg7hrp7	Skittering Sands	2	pLwDDWbJgbKkQCpzDrc7Q	Aether Ashwing	
Q7JLckkNhtBmRQBKRqnJM	Skittering Sands	3	pLwDDWbJgbKkQCpzDrc7Q	Aether Ashwing	
RjNJbgTJn7bJrjJHBdfC8	Fai, Rising Rebellion		kCbPmp8tjpdK8BFq9z9wQ	Phoenix Flame	1
QHNfbDkffrKWgwDw7MjwQ	Fai		kCbPmp8tjpdK8BFq9z9wQ	Phoenix Flame	1
Prkf9mwfBCbLDHncK6CPP	Heat Wave		kCbPmp8tjpdK8BFq9z9wQ	Phoenix Flame	1
8RGTWgzLGh69FcNbLCfJc	Phoenix Form	1	kCbPmp8tjpdK8BFq9z9wQ	Phoenix Flame	1
MgfGgqG7wRNbwNGNmjKJr	Rise from the Ashes	1	kCbPmp8tjpdK8BFq9z9wQ	Phoenix Flame	1
bnBcm8CFRhPzFPbNmwbRG	Rise from the Ashes	2	kCbPmp8tjpdK8BFq9z9wQ	Phoenix Flame	1
JNchKhPQf6PpwzgqNQQM9	Rise from the Ashes	3	kCbPmp8tjpdK8BFq9z9wQ	Phoenix Flame	1
dJCRQcRmp7mhMTNDRgFN8	Thaw	1	GHG6KkBzPkHDnMf7hL7K7	Frostbite	
GRJN6ctjz9wPmFn9K7WHn	Red Hot	1	PrJkWBKNgtNdzhqhWLGFw	Dromai, Ash Artist	
GRJN6ctjz9wPmFn9K7WHn	Red Hot	1	Dz6FcRBNMFdBt9fJPMB7d	Dromai	
GRJN6ctjz9wPmFn9K7WHn	Red Hot	1	RjNJbgTJn7bJrjJHBdfC8	Fai, Rising Rebellion	
GRJN6ctjz9wPmFn9K7WHn	Red Hot	1	QHNfbDkffrKWgwDw7MjwQ	Fai	
7G8RpL8NqHQQH86gGbnwk	Rise Up	1	PrJkWBKNgtNdzhqhWLGFw	Dromai, Ash Artist	
7G8RpL8NqHQQH86gGbnwk	Rise Up	1	Dz6FcRBNMFdBt9fJPMB7d	Dromai	
7G8RpL8NqHQQH86gGbnwk	Rise Up	1	RjNJbgTJn7bJrjJHBdfC8	Fai, Rising Rebellion	
7G8RpL8NqHQQH86gGbnwk	Rise Up	1	QHNfbDkffrKWgwDw7MjwQ	Fai	
7G8RpL8NqHQQH86gGbnwk	Rise Up	1	kCbPmp8tjpdK8BFq9z9wQ	Phoenix Flame	1
kDgcBghDT7wRQwQWmpWRb	Burn Away	1	kCbPmp8tjpdK8BFq9z9wQ	Phoenix Flame	1
WnBPzmt9KKqqBpccHPJTG	Flameborn Retribution	1	kCbPmp8tjpdK8BFq9z9wQ	Phoenix Flame	1
HjFbJmPHHbLwqfnbPfFML	Flamecall Awakening	1	kCbPmp8tjpdK8BFq9z9wQ	Phoenix Flame	1
pq96Kr6wpqctKgCCQRL9z	Inflame	1	kCbPmp8tjpdK8BFq9z9wQ	Phoenix Flame	1
PbTTdKnFz9jptJ7WkbB6K	Stoke the Flames	1	kCbPmp8tjpdK8BFq9z9wQ	Phoenix Flame	1
8KRCDf6drqhFMKK7hJhbM	Iyslander, Stormbind		GHG6KkBzPkHDnMf7hL7K7	Frostbite	
bTtrCGpnGPrnC7pNFt6pw	Freezing Point	1	GHG6KkBzPkHDnMf7hL7K7	Frostbite	
NHCQbrdqqK7FbcWgKnwWn	Sigil of Permafrost	1	GHG6KkBzPkHDnMf7hL7K7	Frostbite	
ng9bzdmgC7KjJKR87Qn8B	Sigil of Permafrost	2	GHG6KkBzPkHDnMf7hL7K7	Frostbite	
7ffzcpNTNGrMwzNHkqWKH	Sigil of Permafrost	3	GHG6KkBzPkHDnMf7hL7K7	Frostbite	
zBQGRp777Mj9QPL7zTb9d	Ice Eternal	3	8KRCDf6drqhFMKK7hJhbM	Iyslander, Stormbind	
zBQGRp777Mj9QPL7zTb9d	Ice Eternal	3	TmKrpP8tDg8bmpnqMPtgj	Iyslander	
zBQGRp777Mj9QPL7zTb9d	Ice Eternal	3	GHG6KkBzPkHDnMf7hL7K7	Frostbite	
pdJnb8zmwpRcmqbcH7JTH	Polar Cap	1	GHG6KkBzPkHDnMf7hL7K7	Frostbite	
rfqChPM7KDBRhh789TtDm	Polar Cap	2	GHG6KkBzPkHDnMf7hL7K7	Frostbite	
L9QHgTrJMCPMd6DfgDCNr	Polar Cap	3	GHG6KkBzPkHDnMf7hL7K7	Frostbite	
rNW8mjhb6qbTfr9PHLQqb	Frost Hex	3	8KRCDf6drqhFMKK7hJhbM	Iyslander, Stormbind	
rNW8mjhb6qbTfr9PHLQqb	Frost Hex	3	TmKrpP8tDg8bmpnqMPtgj	Iyslander	
rNW8mjhb6qbTfr9PHLQqb	Frost Hex	3	GHG6KkBzPkHDnMf7hL7K7	Frostbite	
FHLMhFd7rHFC8LqNmLcJR	Isenhowl Weathervane	1	GHG6KkBzPkHDnMf7hL7K7	Frostbite	
KwLBJgTd78DwgLWdpqRhN	Isenhowl Weathervane	2	GHG6KkBzPkHDnMf7hL7K7	Frostbite	
QcJHqRnCpgHQ7KBMHmbWT	Isenhowl Weathervane	3	GHG6KkBzPkHDnMf7hL7K7	Frostbite	
rWtcmPrWgJwnmKNhj8nMk	Arctic Incarceration	1	GHG6KkBzPkHDnMf7hL7K7	Frostbite	
nPmkJGtLgnfFnWgcKqgq6	Arctic Incarceration	2	GHG6KkBzPkHDnMf7hL7K7	Frostbite	
Fq8bJCMprNbTn6rKbchgB	Arctic Incarceration	3	GHG6KkBzPkHDnMf7hL7K7	Frostbite	
QgqNQGbtcF6NNBMDbDMhh	Emperor, Dracai of Aesir		kMRjHHLzPtgLw7j7PmQqf	Command and Conquer	1
KfcLhpjL6Jc6Mr8WTQMdn	Dust from the Golden Plains	1	HBMfgJPgbmbWzJrRtJCjk	Themai	
Gq8F9nHbQ6N8rrPzdhJzn	Dust from the Red Plains	1	MFrJG8G8RgrhkpfkD8KWj	Vynserakai	
zKQg9cTc7WMNdRbq6pwRk	Dust from the Shadow Crypts	1	b886KqRJLbpj78kHWMQJ9	Nekria	
mFNK7nKtRMLWdHJzrngNb	Tiger Swipe	1	fw9LtHDQTMHgTrdcK9gP6	Crouching Tiger	
PnhGtMCHdMDGwzLj9JGwQ	Mindstate of Tiger	3	fw9LtHDQTMHgTrdcK9gP6	Crouching Tiger	
Kh8MDbwK76BTHkdjzDFTK	Roar of the Tiger	2	fw9LtHDQTMHgTrdcK9gP6	Crouching Tiger	
HNQqczGWgqmCzqGqnWkwk	Flex Claws	1	fw9LtHDQTMHgTrdcK9gP6	Crouching Tiger	
MGFhzzHdwLqwChD6TLkjk	Flex Claws	2	fw9LtHDQTMHgTrdcK9gP6	Crouching Tiger	
phtD8RM6rJ6FWPFwFwkzg	Flex Claws	3	fw9LtHDQTMHgTrdcK9gP6	Crouching Tiger	
TjwzWpWmkqtGd6WhLCmwN	Blessing of Qi	1	fw9LtHDQTMHgTrdcK9gP6	Crouching Tiger	
m7ThmjJFr8DhTq96q9BJc	Blessing of Qi	2	fw9LtHDQTMHgTrdcK9gP6	Crouching Tiger	
G9WT8dKmmQFdP7jmtqwqC	Blessing of Qi	3	fw9LtHDQTMHgTrdcK9gP6	Crouching Tiger	
jDjbmKWW9RHJwwncKDDfK	Pouncing Qi	1	fw9LtHDQTMHgTrdcK9gP6	Crouching Tiger	
KGCccRcdK768czQhpzLPq	Pouncing Qi	2	fw9LtHDQTMHgTrdcK9gP6	Crouching Tiger	
qmQ6tmqFznzMnf9dcDRcF	Pouncing Qi	3	fw9LtHDQTMHgTrdcK9gP6	Crouching Tiger	
twGn8N6Pm6ctFgKnjCpL7	Qi Unleashed	1	fw9LtHDQTMHgTrdcK9gP6	Crouching Tiger	
hrPnGKq9czRctFqJqWknC	Qi Unleashed	2	fw9LtHDQTMHgTrdcK9gP6	Crouching Tiger	
mBhNRNw6CMrF8trKHgtCC	Qi Unleashed	3	fw9LtHDQTMHgTrdcK9gP6	Crouching Tiger	
r9GQj9McpQbr8Jf9jhkch	Predatory Streak	1	fw9LtHDQTMHgTrdcK9gP6	Crouching Tiger	
fgtKgMrhTRwMmQqMfg9FH	Predatory Streak	2	fw9LtHDQTMHgTrdcK9gP6	Crouching Tiger	
fdfdpDhwBKNpbGPntGkKd	Predatory Streak	3	fw9LtHDQTMHgTrdcK9gP6	Crouching Tiger	
hcRgHbGGNmwCTQMBF6CQh	Spirit of Eirina	2	L8wq9HzdqTwM8tLWCRGcR	Lumina Ascension	2
kfCPfkdm8jrFqmHMNGj8h	Jubeel, Spellbane		pdMgMzHwDgBpCNjD7WGLD	Spellbane Aegis	
mjFjGKmpGbTCnrJR6fN79	Construct Nitro Mechanoid	2	wCLt8CtdLmrbMPcqLCzqc	Nitro Mechanoid	
wjGjFLdQ7tCC8cDCJhzwM	Blessing of Ingenuity	1	kRRdnfWFfdCmmKTnjmzNk	Hyper Driver	1
wjGjFLdQ7tCC8cDCJhzwM	Blessing of Ingenuity	1	zPjKJbcG7q8qD8QdKjtnG	Hyper Driver	2
wjGjFLdQ7tCC8cDCJhzwM	Blessing of Ingenuity	1	chD7n8jHMM6brNhDGJtfG	Hyper Driver	3
fMTD8KtQPbbbfDqLKDDKJ	Blessing of Ingenuity	2	kRRdnfWFfdCmmKTnjmzNk	Hyper Driver	1
fMTD8KtQPbbbfDqLKDDKJ	Blessing of Ingenuity	2	zPjKJbcG7q8qD8QdKjtnG	Hyper Driver	2
fMTD8KtQPbbbfDqLKDDKJ	Blessing of Ingenuity	2	chD7n8jHMM6brNhDGJtfG	Hyper Driver	3
zbcJDTbkLqBMjqwf7P6QR	Blessing of Ingenuity	3	kRRdnfWFfdCmmKTnjmzNk	Hyper Driver	1
zbcJDTbkLqBMjqwf7P6QR	Blessing of Ingenuity	3	zPjKJbcG7q8qD8QdKjtnG	Hyper Driver	2
zbcJDTbkLqBMjqwf7P6QR	Blessing of Ingenuity	3	chD7n8jHMM6brNhDGJtfG	Hyper Driver	3
HDnfHcMqHHBkwtWpgbMPF	Crankshaft	1	kRRdnfWFfdCmmKTnjmzNk	Hyper Driver	1
HDnfHcMqHHBkwtWpgbMPF	Crankshaft	1	zPjKJbcG7q8qD8QdKjtnG	Hyper Driver	2
HDnfHcMqHHBkwtWpgbMPF	Crankshaft	1	chD7n8jHMM6brNhDGJtfG	Hyper Driver	3
9fWDqPpBKjMCTghKhBW8p	Crankshaft	2	kRRdnfWFfdCmmKTnjmzNk	Hyper Driver	1
9fWDqPpBKjMCTghKhBW8p	Crankshaft	2	zPjKJbcG7q8qD8QdKjtnG	Hyper Driver	2
9fWDqPpBKjMCTghKhBW8p	Crankshaft	2	chD7n8jHMM6brNhDGJtfG	Hyper Driver	3
NTCMFrrQdwdrKLnT8kcfc	Crankshaft	3	kRRdnfWFfdCmmKTnjmzNk	Hyper Driver	1
NTCMFrrQdwdrKLnT8kcfc	Crankshaft	3	zPjKJbcG7q8qD8QdKjtnG	Hyper Driver	2
NTCMFrrQdwdrKLnT8kcfc	Crankshaft	3	chD7n8jHMM6brNhDGJtfG	Hyper Driver	3
drBDmHmGtr8qtbmgztwdH	Jump Start	1	kRRdnfWFfdCmmKTnjmzNk	Hyper Driver	1
drBDmHmGtr8qtbmgztwdH	Jump Start	1	zPjKJbcG7q8qD8QdKjtnG	Hyper Driver	2
drBDmHmGtr8qtbmgztwdH	Jump Start	1	chD7n8jHMM6brNhDGJtfG	Hyper Driver	3
8gBtrNrB6gqGGq9WjNrTj	Jump Start	2	kRRdnfWFfdCmmKTnjmzNk	Hyper Driver	1
8gBtrNrB6gqGGq9WjNrTj	Jump Start	2	zPjKJbcG7q8qD8QdKjtnG	Hyper Driver	2
8gBtrNrB6gqGGq9WjNrTj	Jump Start	2	chD7n8jHMM6brNhDGJtfG	Hyper Driver	3
T8qmHczkFQMWqBMzJWtT6	Jump Start	3	kRRdnfWFfdCmmKTnjmzNk	Hyper Driver	1
T8qmHczkFQMWqBMzJWtT6	Jump Start	3	zPjKJbcG7q8qD8QdKjtnG	Hyper Driver	2
T8qmHczkFQMWqBMzJWtT6	Jump Start	3	chD7n8jHMM6brNhDGJtfG	Hyper Driver	3
HpMt88NkhFBNw7fpC6tkN	Blacktek Whisperers		TNJz9fCgqmhhLz9rP9tkt	Silver	
RnjfWPNBLBd9nGR8RdhnT	Mask of Perdition		TNJz9fCgqmhhLz9rP9tkt	Silver	
CnzHmjrhb7TTzGJppkpfc	Eradicate	2	TNJz9fCgqmhhLz9rP9tkt	Silver	
zWjNwt6zMt9hMq9TDKJWp	Leave No Witnesses	1	TNJz9fCgqmhhLz9rP9tkt	Silver	
NBHQRhkBP8d99d8Nm96zb	Regicide	3	CKtFCgnGdwMDBh7dzDqqz	Arakni, Huntsman	
NBHQRhkBP8d99d8Nm96zb	Regicide	3	9F7RHWjLgCDRqwMww99GN	Arakni	
Wkmf8d6QjLGFqWMF8bcw6	Surgical Extraction	3	TNJz9fCgqmhhLz9rP9tkt	Silver	
JJcft9d6mrcTCbwbkQTcB	Pay Day	3	TNJz9fCgqmhhLz9rP9tkt	Silver	
6QdjhDLqHJ9DB8GHD6fmf	Plunder the Poor	1	TNJz9fCgqmhhLz9rP9tkt	Silver	
NjJNnbrqJgdh7MW9wkMWP	Plunder the Poor	2	TNJz9fCgqmhhLz9rP9tkt	Silver	
LTtJknPgn6fpRWcgHkMJJ	Plunder the Poor	3	TNJz9fCgqmhhLz9rP9tkt	Silver	
fDLQ8hHmzqnngwPhBdkNJ	Rob the Rich	1	TNJz9fCgqmhhLz9rP9tkt	Silver	
rC9hRJc8GLMpncbLwkn8q	Rob the Rich	2	TNJz9fCgqmhhLz9rP9tkt	Silver	
LKppkHRwJHjnccLKhNHGG	Rob the Rich	3	TNJz9fCgqmhhLz9rP9tkt	Silver	
qJfJ7wBLmBtGnBpqQttNK	Annihilate the Armed	1	TNJz9fCgqmhhLz9rP9tkt	Silver	
b97gffj66hdGBhpkTQQQt	Annihilate the Armed	2	TNJz9fCgqmhhLz9rP9tkt	Silver	
7FckgndNDJwgBMfzFRQ86	Annihilate the Armed	3	TNJz9fCgqmhhLz9rP9tkt	Silver	
cKbtrKKgB6TQdgwKQRRMp	Fleece the Frail	1	TNJz9fCgqmhhLz9rP9tkt	Silver	
pTkGCNJD989J9TkqLnfRb	Fleece the Frail	2	TNJz9fCgqmhhLz9rP9tkt	Silver	
QBDrnc9CmJD6BdzzhQGjJ	Fleece the Frail	3	TNJz9fCgqmhhLz9rP9tkt	Silver	
Mk6tMhn9RtfkbRpcLL8Ht	Nix the Nimble	1	TNJz9fCgqmhhLz9rP9tkt	Silver	
tGhCqd6bBfRGGdrmrFnLk	Nix the Nimble	2	TNJz9fCgqmhhLz9rP9tkt	Silver	
G78pTWjgm7fW77FWfLpkM	Nix the Nimble	3	TNJz9fCgqmhhLz9rP9tkt	Silver	
bdCCWJQKkgjTNrH8PbnwQ	Sack the Shifty	1	TNJz9fCgqmhhLz9rP9tkt	Silver	
TTdC6bPmz9GFQzqWFJnDC	Sack the Shifty	2	TNJz9fCgqmhhLz9rP9tkt	Silver	
GCBnJqcCCpBHQwzBgdNbh	Sack the Shifty	3	TNJz9fCgqmhhLz9rP9tkt	Silver	
cM7zthPFbLMJ6KQQmB6P9	Slay the Scholars	1	TNJz9fCgqmhhLz9rP9tkt	Silver	
wWFFDrGrc8wD6whwWzdDF	Slay the Scholars	2	TNJz9fCgqmhhLz9rP9tkt	Silver	
Tp786HHGgNbgmp8NJDtRQ	Slay the Scholars	3	TNJz9fCgqmhhLz9rP9tkt	Silver	
tqL9KdjgkjfnQ98H97dJw	Amethyst Tiara		zfrHQjbPkpBmdQGrWcTMB	Runechant	
9gnHtCMJBbDQjqk8cWmhN	Annals of Sutcliffe		zfrHQjbPkpBmdQGrWcTMB	Runechant	
NdGdjWwfTnfdWGFL6tRwz	Looming Doom	3	zfrHQjbPkpBmdQGrWcTMB	Runechant	
DnJrdtdRJmT7G97h6Qqcb	Deathly Duet	1	zfrHQjbPkpBmdQGrWcTMB	Runechant	
NG9nKh7TTkLt6qtCJzGjB	Deathly Duet	2	zfrHQjbPkpBmdQGrWcTMB	Runechant	
jFM7t8H8pfwFdTJc7qb8b	Deathly Duet	3	zfrHQjbPkpBmdQGrWcTMB	Runechant	
QgWLgwcDwzpDdNrRTzDkW	Blessing of Occult	1	zfrHQjbPkpBmdQGrWcTMB	Runechant	
ncDWFWLcMDM9ngWMWpJtr	Blessing of Occult	2	zfrHQjbPkpBmdQGrWcTMB	Runechant	
twkhJ79fJq7qKqjGCJJnf	Blessing of Occult	3	zfrHQjbPkpBmdQGrWcTMB	Runechant	
QLtPbbtqrQ9hNtWH6jG6t	Runic Reaping	1	zfrHQjbPkpBmdQGrWcTMB	Runechant	
7NPrtC9qGbkQPLDf7tbBB	Runic Reaping	2	zfrHQjbPkpBmdQGrWcTMB	Runechant	
JKhQ7hPQnhbqnwpfcBzQh	Runic Reaping	3	zfrHQjbPkpBmdQGrWcTMB	Runechant	
NW7CdmT8JMcMtQdRkpjg6	Sky Fire Lanterns	1	zfrHQjbPkpBmdQGrWcTMB	Runechant	
tH6dnJR9CTdw7mmzGJckd	Sky Fire Lanterns	2	zfrHQjbPkpBmdQGrWcTMB	Runechant	
LhNtnmRzpc7mfbcgDcJk8	Sky Fire Lanterns	3	zfrHQjbPkpBmdQGrWcTMB	Runechant	
FKc7CtkbBDTrzHr7t8DMQ	Seerstone		HpWqFJW8ftTDdzCLK9RkD	Ponder	
9Hp7c9HFRmwLFQ7WtKd86	Swell Tidings	1	HpWqFJW8ftTDdzCLK9RkD	Ponder	
J6bjpTRPwRCmLTMcWTPWH	Invoke Suraya	2	NwwnMqBg9tdRBp9NWHpgf	Spectral Shield	
J6bjpTRPwRCmLTMcWTPWH	Invoke Suraya	2	7GqwMzK8mCrkKQ9kdpF7W	Suraya, Archangel of Knowledge	
w9D7zGdNGdhHJKQ78DFNF	Wave of Reality		NwwnMqBg9tdRBp9NWHpgf	Spectral Shield	
qt6KzpDJ8JKfc9wNzgbmW	Spectral Possession	1	NwwnMqBg9tdRBp9NWHpgf	Spectral Shield	
kfWGwJwjNHRWdtNtLrrhn	Blessing of Spirits	1	NwwnMqBg9tdRBp9NWHpgf	Spectral Shield	
nbrrFPNWzgzMqWwPdT8dB	Blessing of Spirits	2	NwwnMqBg9tdRBp9NWHpgf	Spectral Shield	
rgrMj9dqrqq6mftqJ8Jq9	Blessing of Spirits	3	NwwnMqBg9tdRBp9NWHpgf	Spectral Shield	
dW7KzrHdpwqwffrfBbQbq	Spectral Prowler	1	NwwnMqBg9tdRBp9NWHpgf	Spectral Shield	
pKQkqkQhCrTkJtgCHH768	Spectral Prowler	2	NwwnMqBg9tdRBp9NWHpgf	Spectral Shield	
QCpfgTGDPgHt89LMDPQNr	Spectral Prowler	3	NwwnMqBg9tdRBp9NWHpgf	Spectral Shield	
9FhWr8BprqnfjCqHrWLPm	Spectral Rider	1	NwwnMqBg9tdRBp9NWHpgf	Spectral Shield	
d9hmf7fcjCNtJM7NGJJWn	Spectral Rider	2	NwwnMqBg9tdRBp9NWHpgf	Spectral Shield	
thLLBGbP8r8KLmBjmcmPw	Spectral Rider	3	NwwnMqBg9tdRBp9NWHpgf	Spectral Shield	
tB76Jz9T9FcQTtbFDpbmN	Water Glow Lanterns	1	NwwnMqBg9tdRBp9NWHpgf	Spectral Shield	
bgpJPGPPtgB7BDckBpRdM	Water Glow Lanterns	2	NwwnMqBg9tdRBp9NWHpgf	Spectral Shield	
8dmKghzHdGPnFQwhDcmWm	Water Glow Lanterns	3	NwwnMqBg9tdRBp9NWHpgf	Spectral Shield	
QbRRGgm9QNjFGchhLkbtF	Crown of Dominion		8qdmprPg7kckn8ktMTKQh	Gold	
BNbrWmM6dzGqMfrLHtbQh	Imperial Ledger	1	gzDGmdfm6gHWctgrcgfKf	Copper	
BNbrWmM6dzGqMfrLHtbQh	Imperial Ledger	1	8qdmprPg7kckn8ktMTKQh	Gold	
